{
  "0": {
    "count": 78,
    "centroid": {
      "x": 33.71063286218888,
      "y": 28.61891893240122,
      "z": 16.39830578290499
    },
    "gpt_mean": 4.897435897435898,
    "claude_mean": 5.141025641025641,
    "gemini_mean": 4.9743589743589745
  },
  "1": {
    "count": 132,
    "centroid": {
      "x": 35.01893117211082,
      "y": 26.265460664575752,
      "z": 15.338682478124445
    },
    "gpt_mean": 4.954545454545454,
    "claude_mean": 5.098484848484849,
    "gemini_mean": 5.151515151515151
  },
  "2": {
    "count": 168,
    "centroid": {
      "x": 37.83487844467163,
      "y": 31.389648846217565,
      "z": 15.726816035452343
    },
    "gpt_mean": 4.9226190476190474,
    "claude_mean": 5.071428571428571,
    "gemini_mean": 4.946428571428571
  },
  "3": {
    "count": 88,
    "centroid": {
      "x": 34.211130445653744,
      "y": 28.989789832722057,
      "z": 16.72164966843345
    },
    "gpt_mean": 5.113636363636363,
    "claude_mean": 5.0227272727272725,
    "gemini_mean": 4.965909090909091
  },
  "4": {
    "count": 89,
    "centroid": {
      "x": 35.19709681393056,
      "y": 30.95272439249446,
      "z": 17.146082813820144
    },
    "gpt_mean": 5.089887640449438,
    "claude_mean": 5.056179775280899,
    "gemini_mean": 4.943820224719101
  },
  "5": {
    "count": 60,
    "centroid": {
      "x": 35.681697082519534,
      "y": 24.09857832590739,
      "z": 19.255279318491617
    },
    "gpt_mean": 4.966666666666667,
    "claude_mean": 4.966666666666667,
    "gemini_mean": 5.066666666666666
  },
  "6": {
    "count": 112,
    "centroid": {
      "x": 35.75411122185843,
      "y": 27.599208491189138,
      "z": 17.350841607366288
    },
    "gpt_mean": 5.044642857142857,
    "claude_mean": 5.089285714285714,
    "gemini_mean": 5.044642857142857
  },
  "7": {
    "count": 109,
    "centroid": {
      "x": 34.40797354321961,
      "y": 32.05795197093159,
      "z": 16.51144333935659
    },
    "gpt_mean": 4.972477064220183,
    "claude_mean": 4.798165137614679,
    "gemini_mean": 5.073394495412844
  }
}