{
  "0": {
    "count": 25,
    "centroid": {
      "x": 0.4227938345074654,
      "y": 22.38446960449219,
      "z": -15.709380569458007
    },
    "gpt_mean": 5.0,
    "claude_mean": 1.6,
    "gemini_mean": 4.68
  },
  "1": {
    "count": 38,
    "centroid": {
      "x": 1.6785409609346014,
      "y": 18.03773563786557,
      "z": -16.868920853263454
    },
    "gpt_mean": 5.0,
    "claude_mean": 3.4210526315789473,
    "gemini_mean": 4.7894736842105265
  },
  "2": {
    "count": 22,
    "centroid": {
      "x": 0.9344049099494111,
      "y": 20.860802043568004,
      "z": -16.250337167219683
    },
    "gpt_mean": 5.0,
    "claude_mean": 1.5454545454545454,
    "gemini_mean": 4.818181818181818
  },
  "3": {
    "count": 10,
    "centroid": {
      "x": 2.292091566324234,
      "y": 19.518017578125,
      "z": -15.070981788635255
    },
    "gpt_mean": 5.0,
    "claude_mean": 1.8,
    "gemini_mean": 4.2
  },
  "4": {
    "count": 21,
    "centroid": {
      "x": 0.37316692070592017,
      "y": 21.432764144170854,
      "z": -17.901532400222052
    },
    "gpt_mean": 5.0,
    "claude_mean": 2.3333333333333335,
    "gemini_mean": 4.428571428571429
  },
  "5": {
    "count": 36,
    "centroid": {
      "x": 1.795634497784906,
      "y": 23.548657205369736,
      "z": -17.92720365524292
    },
    "gpt_mean": 5.0,
    "claude_mean": 2.111111111111111,
    "gemini_mean": 4.777777777777778
  },
  "6": {
    "count": 32,
    "centroid": {
      "x": -0.6288915707264096,
      "y": 20.657886505126953,
      "z": -17.729591697454453
    },
    "gpt_mean": 5.0,
    "claude_mean": 2.15625,
    "gemini_mean": 4.28125
  },
  "7": {
    "count": 16,
    "centroid": {
      "x": 0.8224541116505861,
      "y": 23.423605799674988,
      "z": -14.817470967769623
    },
    "gpt_mean": 5.0,
    "claude_mean": 1.5625,
    "gemini_mean": 4.8125
  }
}