{
  "0": {
    "count": 78,
    "centroid": {
      "x": 0.3793786987781716,
      "y": 0.016592985162368186,
      "z": 0.7389888272184927
    },
    "gpt_mean": 4.935897435897436,
    "claude_mean": 4.935897435897436,
    "gemini_mean": 4.858974358974359
  },
  "1": {
    "count": 132,
    "centroid": {
      "x": 0.8020336191790799,
      "y": -1.1854204920360423,
      "z": -0.861697682200677
    },
    "gpt_mean": 5.0,
    "claude_mean": 5.053030303030303,
    "gemini_mean": 5.068181818181818
  },
  "2": {
    "count": 168,
    "centroid": {
      "x": 1.033437938473764,
      "y": 1.3281894095596813,
      "z": -0.3447901505957513
    },
    "gpt_mean": 5.017857142857143,
    "claude_mean": 5.0476190476190474,
    "gemini_mean": 4.994047619047619
  },
  "3": {
    "count": 88,
    "centroid": {
      "x": -0.9877073279666629,
      "y": -0.22350557368587365,
      "z": -0.16259039283613674
    },
    "gpt_mean": 5.068181818181818,
    "claude_mean": 5.079545454545454,
    "gemini_mean": 5.2272727272727275
  },
  "4": {
    "count": 89,
    "centroid": {
      "x": -1.0623657163651137,
      "y": 0.23098117389370887,
      "z": 0.19177595869208988
    },
    "gpt_mean": 5.044943820224719,
    "claude_mean": 5.101123595505618,
    "gemini_mean": 5.146067415730337
  },
  "5": {
    "count": 60,
    "centroid": {
      "x": 0.8996827757606903,
      "y": -0.3792575887714823,
      "z": 1.6168513551354409
    },
    "gpt_mean": 5.066666666666666,
    "claude_mean": 5.0,
    "gemini_mean": 4.883333333333334
  },
  "6": {
    "count": 112,
    "centroid": {
      "x": 0.13239086374440895,
      "y": -0.6546128734355859,
      "z": 0.2625719368391271
    },
    "gpt_mean": 5.026785714285714,
    "claude_mean": 5.125,
    "gemini_mean": 4.901785714285714
  },
  "7": {
    "count": 109,
    "centroid": {
      "x": -1.8019959860985433,
      "y": 0.24980428111696734,
      "z": -0.13900478191485782
    },
    "gpt_mean": 5.009174311926605,
    "claude_mean": 5.174311926605505,
    "gemini_mean": 5.018348623853211
  }
}