{
  "0": {
    "count": 147,
    "centroid": {
      "x": -1.5969435917276915,
      "y": 0.19723281992415637,
      "z": -0.3739957245839696
    },
    "gpt_mean": 4.945578231292517,
    "claude_mean": 5.020408163265306,
    "gemini_mean": 4.965986394557823
  },
  "1": {
    "count": 43,
    "centroid": {
      "x": 0.8631808839976615,
      "y": 0.2453308858323929,
      "z": -0.9913022019142328
    },
    "gpt_mean": 5.046511627906977,
    "claude_mean": 4.906976744186046,
    "gemini_mean": 5.232558139534884
  },
  "2": {
    "count": 139,
    "centroid": {
      "x": 1.2620672755104174,
      "y": 0.953029213811559,
      "z": -0.5775551347852611
    },
    "gpt_mean": 5.093525179856115,
    "claude_mean": 5.0647482014388485,
    "gemini_mean": 5.129496402877698
  },
  "3": {
    "count": 77,
    "centroid": {
      "x": -0.6750319785039339,
      "y": 0.7079652529568925,
      "z": 0.40447847808820087
    },
    "gpt_mean": 5.1558441558441555,
    "claude_mean": 5.025974025974026,
    "gemini_mean": 5.181818181818182
  },
  "4": {
    "count": 126,
    "centroid": {
      "x": 0.849036708570248,
      "y": -1.414317426345651,
      "z": -0.03151768196137652
    },
    "gpt_mean": 4.936507936507937,
    "claude_mean": 5.071428571428571,
    "gemini_mean": 5.0476190476190474
  },
  "5": {
    "count": 175,
    "centroid": {
      "x": -0.3987517648935318,
      "y": -0.33678986704775266,
      "z": -0.07233625843588795
    },
    "gpt_mean": 5.0,
    "claude_mean": 5.16,
    "gemini_mean": 5.131428571428572
  },
  "6": {
    "count": 66,
    "centroid": {
      "x": 0.7652490472025943,
      "y": 0.7710463890072071,
      "z": 1.6901084238832647
    },
    "gpt_mean": 5.106060606060606,
    "claude_mean": 4.96969696969697,
    "gemini_mean": 4.9393939393939394
  },
  "7": {
    "count": 93,
    "centroid": {
      "x": -0.14537127292715013,
      "y": -0.43305049696436493,
      "z": 0.5572215268608703
    },
    "gpt_mean": 5.053763440860215,
    "claude_mean": 4.989247311827957,
    "gemini_mean": 4.956989247311828
  }
}