{
  "0": {
    "count": 147,
    "centroid": {
      "x": -1.2258391962228279,
      "y": -3.8744230335261545,
      "z": 18.587019991712506
    },
    "gpt_mean": 4.993197278911564,
    "claude_mean": 5.061224489795919,
    "gemini_mean": 4.9727891156462585
  },
  "1": {
    "count": 43,
    "centroid": {
      "x": 0.6294207910812178,
      "y": -6.347643563913745,
      "z": 18.95012726894645
    },
    "gpt_mean": 5.069767441860465,
    "claude_mean": 5.162790697674419,
    "gemini_mean": 5.209302325581396
  },
  "2": {
    "count": 139,
    "centroid": {
      "x": -3.225427082679469,
      "y": -5.554696702699867,
      "z": 19.26356021963435
    },
    "gpt_mean": 4.971223021582734,
    "claude_mean": 5.0,
    "gemini_mean": 5.028776978417266
  },
  "3": {
    "count": 77,
    "centroid": {
      "x": -2.676396961336012,
      "y": -3.366219419937629,
      "z": 19.20152287668996
    },
    "gpt_mean": 5.12987012987013,
    "claude_mean": 5.12987012987013,
    "gemini_mean": 5.025974025974026
  },
  "4": {
    "count": 126,
    "centroid": {
      "x": -0.5999005497581075,
      "y": -5.4478122232452275,
      "z": 23.622429393586657
    },
    "gpt_mean": 4.976190476190476,
    "claude_mean": 5.166666666666667,
    "gemini_mean": 4.984126984126984
  },
  "5": {
    "count": 175,
    "centroid": {
      "x": -1.386306301821356,
      "y": -3.4007843831607274,
      "z": 20.716983173915317
    },
    "gpt_mean": 5.062857142857143,
    "claude_mean": 5.034285714285715,
    "gemini_mean": 5.011428571428572
  },
  "6": {
    "count": 66,
    "centroid": {
      "x": -3.3893906835353738,
      "y": 0.28535787750628183,
      "z": 17.353509816256437
    },
    "gpt_mean": 5.090909090909091,
    "claude_mean": 4.833333333333333,
    "gemini_mean": 4.954545454545454
  },
  "7": {
    "count": 93,
    "centroid": {
      "x": -3.553104447421207,
      "y": -4.347650406181171,
      "z": 22.296072929136216
    },
    "gpt_mean": 4.967741935483871,
    "claude_mean": 4.989247311827957,
    "gemini_mean": 4.989247311827957
  }
}