{
  "0": {
    "count": 13,
    "centroid": {
      "x": 15.772706985473633,
      "y": -3.9503745482518124,
      "z": 47.34737161489633
    },
    "gpt_mean": 5.0,
    "claude_mean": 1.0769230769230769,
    "gemini_mean": 5.0
  },
  "1": {
    "count": 32,
    "centroid": {
      "x": 14.467585533857346,
      "y": -5.408775806427002,
      "z": 50.883485436439514
    },
    "gpt_mean": 5.0,
    "claude_mean": 2.4375,
    "gemini_mean": 4.9375
  },
  "2": {
    "count": 33,
    "centroid": {
      "x": 14.4650026957194,
      "y": -4.625784108133027,
      "z": 49.10109051791105
    },
    "gpt_mean": 5.0,
    "claude_mean": 1.9090909090909092,
    "gemini_mean": 4.878787878787879
  },
  "3": {
    "count": 16,
    "centroid": {
      "x": 19.52153193950653,
      "y": -4.011144042015076,
      "z": 47.227598905563354
    },
    "gpt_mean": 5.0,
    "claude_mean": 1.6875,
    "gemini_mean": 4.5
  },
  "4": {
    "count": 26,
    "centroid": {
      "x": 13.779154043931227,
      "y": -9.245662854268001,
      "z": 49.27745716388409
    },
    "gpt_mean": 5.0,
    "claude_mean": 3.3846153846153846,
    "gemini_mean": 4.653846153846154
  },
  "5": {
    "count": 32,
    "centroid": {
      "x": 16.14293146133423,
      "y": -5.890954576432705,
      "z": 48.55267119407654
    },
    "gpt_mean": 5.0,
    "claude_mean": 1.71875,
    "gemini_mean": 4.875
  },
  "6": {
    "count": 29,
    "centroid": {
      "x": 12.425504224053745,
      "y": -7.410362325865647,
      "z": 48.98836925111968
    },
    "gpt_mean": 5.0,
    "claude_mean": 2.1724137931034484,
    "gemini_mean": 4.896551724137931
  },
  "7": {
    "count": 19,
    "centroid": {
      "x": 14.823523672003494,
      "y": -5.065363350667451,
      "z": 46.97217620046515
    },
    "gpt_mean": 5.0,
    "claude_mean": 1.9473684210526316,
    "gemini_mean": 4.368421052631579
  }
}